{"train/loss":3.246119976043701,"_runtime":9001,"iter":22000,"_timestamp":1.770027750850279e+09,"_step":11,"lr":0.0005985110107568152,"mfu":213.466033726291,"val/loss":3.259563684463501,"_wandb":{"runtime":9001}}