{"_wandb":{"runtime":195},"_timestamp":1.7702155577468312e+09,"val/loss":11.083457946777344,"lr":9.995002498750625e-08,"mfu":-100,"_runtime":195,"train/loss":11.082881927490234,"iter":0,"_step":0}